1,2,3,4,5,6,7,8,9,10,15,13,12,1,1,6,2
15,231,45,134,56,702,24,456,13,156,12
3,5,6
7,1,5,43,1,23,6,8,1,234,65,34,12,57,8,9,45,667,324,34,67
123,3,567,23,567,3,2,678,989,44,23,56,78,13,56,89
8,9,2,10
123,3,567,23,567,3,2,678,989,44,23,56,78,13,56,89,7,1,5,43,1,23,6,8,1,234,65,34,12,57,8,9,45,667,324,34,67,15,231,45,134,56,702,24,456,13,156,12,56,78,13,56,89,7,1,5,43,1,23,6,8,1,234,65,34,12,57,8,9,45,667,324,34,67,15,231,45
50,2,45,12,32,45,1,23
1,2,65,7,93,54,2,23,5,10,42,32
2,3
4,5
5,6
6,3,2,678,989,44,23,56,78,13,3
656,89,7,1,5,43,1,23,6,8,1,234,65,34,12,57,8,9,45,667,324,34,67,15,231,45,134,56,702,12
1,2,3
1,2,3,67,788,123,3232,54,12
4,5
1,2,3
95,6,2,3,56,21,2,567,78,23
1,2,3,4,1,5,6
60,23,45,12,23,3
60,23,45,12,23,3,45,45,45
67,123,56,12,34,67
67,123,56,12,34,67,57
3,5,6,70
56,43,12,3,45,67
3,15,6,70
48,92,13,75,38,61,7,53,84,59,96,81,4,62,15,87,35,99,41,72,26,94,63,68,10,32,80,29,95,12,88,6,23,52,86,28,89,22,39,56,44,98,3,65,71,85,5,18,74,31,55,20,46,91,17,67,25,45,30,60,50,82,11,36,76,40,54,14,90,37,57,24,64,78,1,47,70,19,49,77,34,83,58,43,97,69,33,73,27,42,66,9,93,21,79,2,16,51,8
1123,2366,2379,2542,2664,3810,4939,6633,7051,7596,7887,8566,9411,9668,12073,12119,12335,13966,14658,14810,15728,15849,16068,16798,16984,18125,18788,18931,20856,21282,21880,22073,22134,22857,23383,23512,24267,26100,27048,27249,27281,27884,27926,28921,29088,29780,31867,32193,32934,33868,33995,34021,35419,37274,37378,39126,40078,41016,41400,42735,46133,47592,47942,48533,49245,49589,52051,55870,56191,57100,57295,57897,59240,60060,60583,61418,61527,62186,62256,63162,65204,67816,68404,71128,71164,75121,75418,76239,76770,78545,78650,79177,79274,79546,79751,80462,82013,82118,82247,82974,83014,83855,84229,84569,84978,85079,86815,86995,87356,88080,88112,88360,90922,92859,93584,94906,95881,97804,98651,99903,100310,101718,101903,103285,103879,106219,107182,109897,111323,112154,112206,112722,113618,113918,117232,117391,120637,122702,122841,123241,124335,125598,125815,126256,129982,130324,130902,131918,132543,133023,135705,136259,136268,137609,140668,141056,143563,144669,146293,152899,153556,154408,154454,156222,157903,158393,159159,159237,160667,161724,163432,163746,164128,164523,165840,165852,166040,166156,166204,168124,168406,168988,170153,171546,172997,173295,174052,177422,177859,180251,181881,182555,182932,183485,184108,184840,187483,188708,189150,189288,190534,192308,192757,192772,193977,194421,195304,195497,195761,195965,196071,197454,198178,198306,201030,202372,203406,206353,206482,208264,209590,210584,213142,213961,215037,215451,216176,222018,224454,224550,225205,227603,227778,227826,228806,229124,229681,230095,231613,232196,234561,234921,235441,235754,235772,239502,239775,242105,242810,243001,245077,247402,247643,248135,248704,249826,249967,250135,250808,251910,253958,255412,255889,257810,258028,259905,261589,262158,263694,266599,269119,270895,272469,273452,273676,274759,274976,275025,276343,280105,280727,281363,281983,282845,283138,284457,285358,286284,287014,287815,290833,291998,292990,294351,294448,295685,296289,296373,297366,298086,298161,298192,298591,298927,299372,300145,301649,301910,302353,302460,302636,302914,302923,303669,304125,304546,305001,305614,307087,309092,311985,313276,313825,314283,314553,314888,315106,316235,316752,317016,317286,317293,319476,320598,320773,321854,322116,324700,324838,325512,327588,328013,330109,330769,330809,330906,331841,331915,332963,333779,337112,337300,338190,340244,341399,341992,342537,343313,343829,345311,345993,347246,349208,350801,352835,352974,353945,359205,359295,359317,359434,361096,362310,362380,362934,364490,364780,365859,368373,369186,369575,370058,370089,370490,370747,371432,374509,376097,376292,376307,376580,376973,377593,380134,380395,383868,384297,390901,391173,391271,392424,393311,393605,394519,394911,395527,396719,397046,398190,399067,400102,405525,405780,406541,406986,407908,407987,408353,409732,410009,411167,412341,412561,412890,414842,415168,416160,416276,416350,417616,417975,418410,418987,419719,421393,421578,422409,422714,423916,424413,427031,428722,429503,430476,431703,431880,432714,432753,433297,435787,439791,440483,441507,442307,443892,446453,449028,449453,450226,451435,453846,457761,457987,460859,461143,462253,462619,465696,467080,467368,470054,470059,470441,470819,471145,471366,472157,472674,472974,472983,473208,473264,473386,474040,476864,480157,481942,482551,482848,483135,483637,483818,484073,484495,484920,486313,486914,488990,489796,491571,494814,495895,496995,498586,498903,499406,500789,501530,504,1123,2366,2379,2542,2664,3810,4939,6633,7051,7596,7887,8566,9411,9668,12073,12119,12335,13966,14658,14810,15728,15849,16068,16798,16984,18125,18788,18931,20856,21282,21880,22073,22134,22857,23383,23512,24267,26100,27048,27249,27281,27884,27926,28921,29088,29780,31867,32193,32934,33868,33995,34021,35419,37274,37378,39126,40078,41016,41400,42735,46133,47592,47942,48533,49245,49589,52051,55870,56191,57100,57295,57897,59240,60060,60583,61418,61527,62186,62256,63162,65204,67816,68404,71128,71164,75121,75418,76239,76770,78545,78650,79177,79274,79546,79751,80462,82013,82118,82247,82974,83014,83855,84229,84569,84978,85079,86815,86995,87356,88080,88112,88360,90922,92859,93584,94906,95881,97804,98651,99903,100310,101718,101903,103285,103879,106219,107182,109897,111323,112154,112206,112722,113618,113918,117232,117391,120637,122702,122841,123241,124335,125598,125815,126256,129982,130324,130902,131918,132543,133023,135705,136259,136268,137609,140668,141056,143563,144669,146293,152899,153556,154408,154454,156222,157903,158393,159159,159237,160667,161724,163432,163746,164128,164523,165840,165852,166040,166156,166204,168124,168406,168988,170153,171546,172997,173295,174052,177422,177859,180251,181881,182555,182932,183485,184108,184840,187483,188708,189150,189288,190534,192308,192757,192772,193977,194421,195304,195497,195761,195965,196071,197454,198178,198306,201030,202372,203406,206353,206482,208264,209590,210584,213142,213961,215037,215451,216176,222018,224454,224550,225205,227603,227778,227826,228806,229124,229681,230095,231613,232196,234561,234921,235441,235754,235772,239502,239775,242105,242810,243001,245077,247402,247643,248135,248704,249826,249967,250135,250808,251910,253958,255412,255889,257810,258028,259905,261589,262158,263694,266599,269119,270895,272469,273452,273676,274759,274976,275025,276343,280105,280727,281363,281983,282845,283138,284457,285358,286284,287014,287815,290833,291998,292990,294351,294448,295685,296289,296373,297366,298086,298161,298192,298591,298927,299372,300145,301649,301910,302353,302460,302636,302914,302923,303669,304125,304546,305001,305614,307087,309092,311985,313276,313825,314283,314553,314888,315106,316235,316752,317016,317286,317293,319476,320598,320773,321854,322116,324700,324838,325512,327588,328013,330109,330769,330809,330906,331841,331915,332963,333779,337112,337300,338190,340244,341399,341992,342537,343313,343829,345311,345993,347246,349208,350801,352835,352974,353945,359205,359295,359317,359434,361096,362310,362380,362934,364490,364780,365859,368373,369186,369575,370058,370089,370490,370747,371432,374509,376097,376292,376307,376580,376973,377593,380134,380395,383868,384297,390901,391173,391271,392424,393311,393605,394519,394911,395527,396719,397046,398190,399067,400102,405525,405780,406541,406986,407908,407987,408353,409732,410009,411167,412341,412561,412890,414842,415168,416160,416276,416350,417616,417975,418410,418987,419719,421393,421578,422409,422714,423916,424413,427031,428722,429503,430476,431703,431880,432714,432753,433297,435787,439791,440483,441507,442307,443892,446453,449028,449453,450226,451435,453846,457761,457987,460859,461143,462253,462619,465696,467080,467368,470054,470059,470441,470819,471145,471366,472157,472674,472974,472983,473208,473264,473386,474040,476864,480157,481942,482551,482848,483135,483637,483818,484073,484495,484920,486313,486914,488990,489796,491571,494814,495895,496995,498586,498903,499406,500789,501530,504,1123,2366,2379,2542,2664,3810,4939,6633,7051,7596,7887,8566,9411,9668,12073,12119,12335,13966,14658,14810,15728,15849,16068,16798,16984,18125,18788,18931,20856,21282,21880,22073,22134,22857,23383,23512,24267,26100,27048,27249,27281,27884,27926,28921,29088,29780,31867,32193,32934,33868,33995,34021,35419,37274,37378,39126,40078,41016,41400,42735,46133,47592,47942,48533,49245,49589,52051,55870,56191,57100,57295,57897,59240,60060,60583,61418,61527,62186,62256,63162,65204,67816,68404,71128,71164,75121,75418,76239,76770,78545,78650,79177,79274,79546,79751,80462,82013,82118,82247,82974,83014,83855,84229,84569,84978,85079,86815,86995,87356,88080,88112,88360,90922,92859,93584,94906,95881,97804,98651,99903,100310,101718,101903,103285,103879,106219,107182,109897,111323,112154,112206,112722,113618,113918,117232,117391,120637,122702,122841,123241,124335,125598,125815,126256,129982,130324,130902,131918,132543,133023,135705,136259,136268,137609,140668,141056,143563,144669,146293,152899,153556,154408,154454,156222,157903,158393,159159,159237,160667,161724,163432,163746,164128,164523,165840,165852,166040,166156,166204,168124,168406,168988,170153,171546,172997,173295,174052,177422,177859,180251,181881,182555,182932,183485,184108,184840,187483,188708,189150,189288,190534,192308,192757,192772,193977,194421,195304,195497,195761,195965,196071,197454,198178,198306,201030,202372,203406,206353,206482,208264,209590,210584,213142,213961,215037,215451,216176,222018,224454,224550,225205,227603,227778,227826,228806,229124,229681,230095,231613,232196,234561,234921,235441,235754,235772,239502,239775,242105,242810,243001,245077,247402,247643,248135,248704,249826,249967,250135,250808,251910,253958,255412,255889,257810,258028,259905,261589,262158,263694,266599,269119,270895,272469,273452,273676,274759,274976,275025,276343,280105,280727,281363,281983,282845,283138,284457,285358,286284,287014,287815,290833,291998,292990,294351,294448,295685,296289,296373,297366,298086,298161,298192,298591,298927,299372,300145,301649,301910,302353,302460,302636,302914,302923,303669,304125,304546,305001,305614,307087,309092,311985,313276,313825,314283,314553,314888,315106,316235,316752,317016,317286,317293,319476,320598,320773,321854,322116,324700,324838,325512,327588,328013,330109,330769,330809,330906,331841,331915,332963,333779,337112,337300,338190,340244,341399,341992,342537,343313,343829,345311,345993,347246,349208,350801,352835,352974,353945,359205,359295,359317,359434,361096,362310,362380,362934,364490,364780,365859,368373,369186,369575,370058,370089,370490,370747,371432,374509,376097,376292,376307,376580,376973,377593,380134,380395,383868,384297,390901,391173,391271,392424,393311,393605,394519,394911,395527,396719,397046,398190,399067,400102,405525,405780,406541,406986,407908,407987,408353,409732,410009,411167,412341,412561,412890,414842,415168,416160,416276,416350,417616,417975,418410,418987,419719,421393,421578,422409,422714,423916,424413,427031,428722,429503,430476,431703,431880,432714,432753,433297,435787,439791,440483,441507,442307,443892,446453,449028,449453,450226,451435,453846,457761,457987,460859,461143,462253,462619,465696,467080,467368,470054,470059,470441,470819,471145,471366,472157,472674,472974,472983,473208,473264,473386,474040,476864,480157,481942,482551,482848,483135,483637,483818,484073,484495,484920,486313,486914,488990,489796,491571,494814,495895,496995,498586,498903,499406,500789,501530,504
6052,1017,6520,5288,7352,274,1651,772,3088,7505,9691,5961,3582,8671,7389,8554,919,4220,2752,2991,6907,3978,5074,3777,6125,3927,4893,5318,3091,3042,2396,6948,9865,5776,4453,9317,6394,9113,6386,9281,9418,5072,8518,4604,4745,2192,89,9896,7028,2914,8073,966,1157,8952,8404,4659,1493,461,4115,2198,4514,4392,4625,8959,8791,6205,4916,8205,8610,4308,5052,3654,112,3342,8682,4413,695,8272,6261,3483,4134,9033,6448,9889,5907,5318,7539,2070,2069,6682,6700,2004,5825,442,6362,7216,9900,794,7250,1407,9307,2996,2661,1855,9932,1674,2637,3161,2737,3909,4877,8562,5793,7604,2163,2958,6844,8275,8380,5944,7189,9339,4284,570,4475,8861,7574,6709,8920,7952,1067,4122,8386,9439,6302,2840,333,6028,6848,1559,987,6272,9624,7243,3915,8620,2001,9057,5616,3657,2051,5817,5676,2017,6044,5715,5177,194,8164,2557,7815,4337,241,4321,4019,1229,7608,7249,9538,308,9950,9739,531,6842,4292,3592,7161,3385,5562,1939,5242,4049,1862,4163,2254,8986,5835,3763,1174,9145,9723,2061,8294,6323,5437,7682,3315,9747,4975,1854,6043,9318,8076,9837,5339,2103,9495,2014,9260,1735,8911,9689,8183,2332,8032,9646,3569,6800,9987,2636,8355,681,4737,8966,6004,9867,4248,3838,1219,7439,1575,7934,9010,9940,8550,4034,110,3564,4074,7729,8772,5456,7083,1612,3608,4707,47,4766,6134,7063,9840,4684,1280,1936,2345,3521,8501,6738,1744,8092,9949,3968,2043,178,2394,8253,3979,9281,8030,2430,2726,3311,9565,2577,4013,297,7320,7346,2771,4504,9592,2046,313,4999,2072,8933,9391,5055,7137,9161,9976,1196,6357,1336,7403,4920,2701,1631,1187,5016,9394,5785,9111,6550,8126,8655,6435,7592,3312,8473,9096,6116,1885,1746,5960,3795,6602,8013,2328,338,571,4050,2219,2451,7678,4349,830,8884,1282,17,1915,1612,1819,3105,5168,8380,4328,1660,3045,6809,940,6248,1448,4538,829,570,6790,7789,3815,5341,2287,931,8958,260,6183,8414,9817,9275,9206,787,7016,25,1601,7002,258,2905,533,5654,7374,6809,9006,1025,8628,7472,139,2967,7589,1651,2153,2127,4252,6792,6659,4461,7310,2201,8702,9536,6158,8912,102,9958,3818,3893,8849,9115,6439,5411,9238,8613,5476,677,1891,48,721,4532,3006,6098,4395,7827,9798,6996,8452,9141,1393,8903,9836,9406,9407,5938,3249,8804,8100,6690,5807,2059,9449,4065,2410,8884,7583,5051,8570,7424,8955,6708,4132,5049,5928,6098,1739,8102,2686,3692,4833,3806,5514,3237,4232,4916,1268,4055,3770,5839,8400,5323,3266,9804,297,6417,1375,8159,4698,1628,1230,1057,6917,6139,3803,5733,8157,7996,7914,9409,5889,9705,428,5424,6333,8964,2635,8833,120,5953,4203,9078,1130,6609,8415,2901,3263,5681,3698,6335,2401,2960,8612,7646,2774,75,6885,4335,684,3490,5592,1676,8784,7564,1367,7273,7970,9058,670,4419,7032,586,5194,4818,509,7395,8461,7341,3270,6277,2351,4861,8534,7851,3977,2213,674,7365,7898,3363,1872,364,1841,3907,2728,3283,4849,471,2720,8574,6883,9941,6917,4495,9065,8800,7143,6377,1976,6978,9848,190,3840,2462,4202,8989,8953,1259,1160,1943,2599,2179,6902,5499,1932,6774,1099,9068,6550,2177,9262,7600,853,5228,7838,4446,9722,3433,8418,9024,9042,3093,3984,1226,7193,7060,3420,4892,2127,6724,8073,3509,1761,867,9094,7224,6576,6240,3422,4536,3046,2156,6950,7998,330,1231,3602,2453,2160,7849,956,4545,3915,7288,8447,2755,3811,3012,6362,5902,8236,3423,557,9967,5809,8947,2894,7254,804,3700,6192,2792,2619,4836,3408,6537,1637,6248,6758,2245,3291,9730,5475,9594,3332,4118,3105,4888,3538,8115,8831,3200,6753,1955,9486,3940,8292,3706,6284,3033,5996,7129,6997,4430,2439,7573,9596,6698,5589,5643,1361,2143,2075,2918,8308,8317,1953,8438,4316,9757,9420,6985,9372,6196,3234,2129,9491,8904,8054,1223,4053,9373,3822,7695,6408,4219,3062,8999,9240,7954,3434,1473,7798,6142,1263,5231,5341,5116,1273,8663,2243,5925,7014,2067,8279,7845,67,783,7067,1246,245,4846,9147,6479,2266,5201,5037,8186,7932,3297,8979,6668,5070,2956,5715,6011,9529,4692,2323,1029,8909,5033,7648,7971,6232,5331,5619,9113,1338,2001,5366,5471,1423,3914,3782,8057,3274,7638,6499,138,3716,3779,9641,8281,4848,6255,7146,5620,595,881,317,9864,3521,9488,2574,7056,8790,8659,566,6763,3292,918,6926,2106,250,5621,6489,3651,4922,9850,7700,5834,9182,4241,5783,834,2080,4032,3139,1189,3842,9014,476,107,3634,240,5911,3430,8985,917,1411,6275,3799,2088,5546,4141,6895,1729,3526,3503,6297,9539,1494,3657,1087,993,6651,9772,4547,2457,1654,4834,7874,3446,6124,4158,4242,4730,1477,3461,8218,970,125,4555,3904,5764,1771,8617,980,9210,9159,7367,7973,4559,6969,7549,8905,526,4325,7613,2383,917,1406,8059,8510,7446,1206,4686,3799,2961,4792,5060,6071,5216,7299,9933,518,4409,2926,9692,964,344,3852,5830,5199,8617,9643,1533,1152,783,555,2451,357,1640,6704,6689,7310,3462,9003,1550,351,4615,4250,3028,1612,5974,5169,4110,6891,9288,9993,7150,7176,3510,5922,4808,7764,1781,7135,38,3522,2963,5951,5932,1907,2016,1745,1422,7523,2901,7489,5863,3457,6543,3128,6627,3700,3800,8865,605,4223,8366,1476,3154,1969,6665,3260,4418,8254,1571,434,4421,9980,5570,8374,2213,2351,4384,8071,7094,5397,9633,355,7828,9851,6485,1975,6767,2587,5558,5731,2709,6456,7815,1685,7381,5974,5838,388,2385,226,6403,348,9582,4566,8987,5048,4247,7380,4495,2559,286,3528,7902,6843,5263,3520,5800,5861,4053,4850,5049,1515,4398,7564,1301,7354,6373,4423,7683,3717,461,169,970,923,2198,5908,7986,642,9678,9648,3615,5332,5372,9842,2313,754,6971,915,7341,5531,9197,5298,465,1674,5660,1734,5036,4068,8838,4460,1345,6740,7833,8591,5082,6957,9340,542,7991,6615,26,3887,9605,368,4582,9410,2508,2596,5431,2705,5872,5584,6139,4361,2553,1417,493,9589,1976,1059,1626,9794,8726,9614,8609,5970,8736,8206,2992,1109,363,51,8140,114,551,9265,8662,4356,7760,5509,3544,8228,3334,2234,2150,1389,6849,6556,9310,6197,6110,9014,4395,3381,5414,1121,616,1864,8494,2281,8229,7400,4964,3498,3225,3203,3858,7986,2638,1981,7042,7271,5015,4628,6946,5648,2807,1262,2596,2296,2934,536,2355,8703,4668,7458,4332,8553,3970,2694,4704,6684,1881,3909,9289,7004,1206,9471,3564,8638,6777,977,5001,9907,952,4073,6475,6476,6091,5547,8989,5495,4535,5664,5763,479,8046,2395,3295,9671,5250,9162,807,1410,9172,3494,3807,9503,2387,8264,2048,6680,204,475,948,6156,5779,8896,8651,2639,3818,6175,7786,6520,6100,4935,6330,2930,184,1019,7720,6129,8227,4498,7023,8527,5462,1568,8470,2707,6575,7611,5352,3152,2158,1483,9149,1394,3688,4814,2115,3264,1903,9064,9236,6733,3134,2176,9298,9739,3930,9326,5890,6524,4795,6956,1793,5839,1342,3436,8668,3248,4739,2424,8576,9897,2390,1175,2424,3782,1163,214,7080,6390,3633,9178,7619,6358,2818,6535,569,7570,370,9410,3965,2262,6488,6364,8409,784,5012,7861,7749,5965,6756,6,1655,7928,7033,7400,9206,9282,8971,7534,116,3037,5304,8770,9788,2880,6861,2939,9470,7561,7205,8794,1398,6312,4323,9243,756,9482,5038,2114,7114,2496,3521,8397,6001,5273,1459,359,6063,4404,7765,8547,7968,2317,5661,3826,9027,3842,6747,2343,4473,9498,3480,3056,2564,6912,3546,8274,6400,8162,4440,7075,2591,6118,4083,652,730,6588,6453,4801,6916,3539,4534,4202,2184,6427,6616,9377,6803,2627,9353,2182,4115,5774,5666,4847,3403,938,5637,5723,9868,7612,4073,4880,8380,7868,1455,9811,5151,1741,2152,3396,173,6172,1590,3758,6012,206,4825,559,3563,5404,6030,7700,5187,6955,6075,7289,8597,7626,5197,6613,4357,5669,4385,9579,8642,4298,5894,2238,7609,3445,3449,8779,6872,8964,9329,623,4265,1374,723,3631,3406,1842,6387,5639,5327,8504,3701,8375,507,1142,1668,1822,2559,4894,503,6318,6386,6235,1169,6764,5975,1689,9627,2148,5653,4992,9680,8867,4665,5617,1955,4101,7797,6201,3374,6934,3387,3420,1425,5132,827,7564,5423,4963,2659,8006,9224,7836,4587,9749,9391,9247,186,4280,5448,545,1988,7356,4401,6142,7260,7751,8858,8042,3944,8665,9828,1188,2627,8200,9459,959,742,2054,3503,2703,7787,4464,399,4888,4608,4297,7736,4009,3185,4678,7867,8530,7766,8561,6220,7284,6687,2047,2971,9165,1724,8133,5241,6134,1389,4707,1620,6242,4885,6140,5707,6726,9556,3446,5635,7506,95,5543,3735,423,4705,7598,359,2840,3752,6146,8058,9209,9277,7850,5456,6120,9001,3380,5864,7793,7680,7815,7866,1066,9199,7057,2478,8825,2890,1501,5194,8031,8169,7504,2470,8804,1580,542,7776,9603,2709,3598,8625,6993,2708,5431,3129,952,1467,2941,5315,714,9074,8672,3953,2004,6115,2871,989,3619,8188,4152,547,4690,7461,441,6920,7127,8465,5258,5294,6090,784,8276,2576,464,1880,2238,8730,1021,3040,3655,8814,596,9763,2652,8730,1278,4733,1044,8422,4122,5840,7,8676,476,7474,3780,4253,5711,5065,5409,42,4522,2781,8955,3795,7652,560,4289,3114,8846,7542,3614,3827,4514,4299,3231,1803,1090,2608,5719,4518,3837,7303,9122,9841,2568,3998,150,1244,1627,4077,4957,9275,3674,9242,7434,5694,616,338,101,1980,5403,1723,7800,3823,1093,9263,2402,980,5708,3926,899,535,8477,6872,4362,4957,8129,6924,1231,8868,8918,745,1701,927,9776,9561,3779,4054,1676,7512,1929,985,2438,2016,1941,8442,6425,4079,543,3332,1174,6833,8029,6114,9609,2732,4363,2911,8497,3831,4719,2490,3150,2325,713,3173,2553,6913,5926,7466,7688,9722,1708,7550,2836,7244,932,9733,3156,841,2845,7391,9247,387,6736,5777,361,8436,1356,4240,5146,3016,5242,2616,412,1337,492,8518,294,3532,3999,8944,1195,2684,2130,277,2934,6920,2223,7247,9643,8669,8403,8980,5715,7729,544,4714,7380,2567,4906,5838,9717,4464,5335,933,2801,3035,6571,9044,7591,9162,9772,4055,9642,9611,4591,6914,9974,9031,542,5953,3349,2760,3718,2197,4039,9643,2236,6357,236,1288,9734,9857,4739,2119,4958,6125,3238,5876,2731,4048,7003,8498,9272,2388,363,6994,3644,6699,3634,3417,836,6257,2458,2590,9956,8933,3361,1117,4963,7863,1982,3094,4832,1487,3830,3315,1868,9301,1903,3471,9389,7751,5275,6406,3184,4448,413,4659,9104,5853,1339,4626,9283,2236,3577,8823,275,4602,8594,6138,4668,1218,4421,4584,6680,1727,8262,8427,7296,6741,6580,2269,656,2618,6991,2130,8529,2187,1088,3550,5741,3931,5790,366,92,3343,7660,7499,642,5378,1362,1939,124,5189,3726,1673,5900,7141,9760,3066,1681,8239,5706,1516,7795,612,7109,6674,5978,4386,229,9152,1211,1165,8116,4840,1747,6484,1249,787,8844,8694,5477,5032,2129,5045,2950,1827,9384,17,9391,513,5439,3548,7789,5707,3204,53,9842,2690,312,1635,884,3137,9617,4499,1404,105,102,5877,7785,116,3449,6300,4036,5598,1393,9119,9187,4974,6649,1211,5132,1288,7319,2260,9705,4998,9730,1486,1029,9709,1425,4015,1780,2322,4964,3541,8474,1251,1723,8983,8843,2910,6379,326,5961,1219,2342,1754,66,4346,7352,909,6599,8354,9463,7474,5174,8907,8637,9158,4419,2957,1404,244,7667,4469,9184,6001,16,1471,5729,201,3290,4954,310,7870,6030,3580,4543,655,1391,7390,9797,2099,616,7302,848,7222,7522,5014,8008,7184,339,744,2441,3048,399,6002,2983,2254,5131,6908,990,8197,1759,5286,4794,3671,4342,4499,6514,3357,7618,618,4904,6862,713,4334,660,9681,9090,673,2254,9962,2898,5728,8389,9532,8535,3049,472,7229,559,48,6438,5890,7956,9945,739,551,7414,6020,1761,1033,5355,4819,5799,2611,6091,4899,337,1814,6294,8641,8806,791,9580,1227,2823,1788,3620,3315,9867,8972,440,2881,6714,8097,7742,7169,8211,5778,4887,902,437,8208,7844,8527,5793,7934,9409,132,4182,6131,5657,7078,5644,1512,3379,7891,9670,649,6875,3731,7959,6703,5853,9966,944,8605,4755,8223,7698,9195,7084,7180,7834,8714,279,7537,5798,8663,3752,2583,4334,4105,1166,3190,6286,5454,7925,293,7892,5068,1490,8637,1742,6912,8115,986,3620,8413,2727,6140,8516,4357,7088,7718,4969,793,2318,6993,3391,3263,2742,30,9980,4762,1239,156,1010,9817,3769,4695,4719,5715,8839,7276,2736,1096,3233,3211,1532,8812,6792,1461,8234,4666,3391,313,4927,7656,8472,9516,6397,6292,2267,749,3880,2879,6226,144,7700,7557,5207,5635,9119,6659,9228,6139,6293,5870,9536,3723,1249,9947,9031,3446,8150,6808,590,3880,3744,3364,3517,2680,9779,1164,3195,1174,3427,9112,5227,2478,8124,9780,4258,454,6250,3133,587,6296,7921,3622,7030,9121,3152,3418,7629,6117,5183,2730,7407,9768,7835,7703,7685,5759,3539,5613,4349,9626,4696,7574,9137,3874,5715,7132,1632,2668,4618,7669,8759,8816,5687,1237,1024,9290,6281,5765,6736,7626,1200,3,8154,4857,1647,5582,6055,416,7150,5073,2142,5665,5051,4271,8683,6775,5551,9764,9184,9716,9315,5550,4631,7344,8827,2603,3662,4630,6523,3549,5615,4450,8742,427,3691,7064,8622,8384,3133,8237,675,3370,6158,6595,6887,5146,5166,3270,3659,7941,1792,945,8238,7567,2595,9044,4306,2409,6766,8144,6396,4206,4191,3224,1736,5152,8271,6417,5617,3059,556,8957,5675,9179,8950,3117,1000,7126,7273,4968,7464,2304,5047,3212,1172,5317,9372,3484,8518,1873,9363,5282,7376,8204,8673,3085,1544,6964,8021,1783,8485,7002,8897,4448,1705,2722,7462,1836,1879,5553,3041,2762,5547,5579,4527,7784,5875,4889,5230,6668,7214,3020,7303,3561,9223,6978,7095,6734,9357,4200,6116,1814,5418,4698,4755,179,9374,7754,2991,9375,9683,3538,3291,5789,414,972,3312,7023,5145,143,8825,8681,2445,3015,2178,1800,4009,15,1708,5251,389,6714,9093,6422,381,2583,7633,1051,3307,8880,3057,2261,6295,927,1283,569,95,9577,4345,6977,902,3799,4710,2951,8024,8133,2316,3733,1744,9868,3443,6231,907,6708,8181,7578,7830,1089,9659,1475,589,4164,444,288,7780,4123,9530,3656,3518,3389,7489,4066,4650,5176,4177,4826,2776,9938,3081,5558,8551,8761,4002,4586,8717,8094,6392,2020,1830,3812,6443,1200,6956,3359,6312,9463,2274,7668,3915,3101,6587,8408,4960,3359,1705,5730,937,2827,8309,2175,8184,5703,9382,1770,4929,8545,4809,6399,9835,7599,2954,1998,5115,6162,3853,8980,1843,9211,9972,8051,9286,6156,5081,7949,1467,4189,8282,8801,412,7069,5336,7729,6747,3140,2500,1589,8628,4294,930,1815,5284,3965,921,2050,8885,5088,5709,9763,6122,9188,2571,2233,8020,907,9815,9286,557,584,485,1769,6025,6834,5610,6268,2772,9773,5262,4466,9583,3360,6150,333,5797,7697,5028,1378,4751,2492,2370,3441,7941,9545,2940,6520,9007,8747,6464,5897,5380,1493,463,4575,5572,9906,1625,3060,353,2747,3529,7744,7536,6485,2576,3427,4733,5303,3569,1290,9615,4976,4998,8962,3837,5902,9651,6621,4989,7537,4719,7639,7034,2304,5265,5242,1368,8912,544,9544,2069,6527,4838,5030,8707,8077,2243,6394,6467,6328,3188,7161,604,9607,7420,9876,9275,9153,9555,2386,3843,1012,5035,1142,6244,8595,985,9331,6153,5891,5915,2900,4512,9984,1957,9735,7889,7950,5590,2508,5778,534,3989,3470,1946,7753,1723,3949,5759,5654,4169,9697,5776,6712,9328,4600,176,9808,6384,6395,7070,3873,1432,7409,2665,308,2066,7619,1826,6373,7574,2603,9335,2527,4584,6124,6840,2085,4993,2860,3255,7365,1647,7813,4749,9071,333,1407,7196,1932,6887,2807,7591,5897,7118,3694,5448,3027,5540,6042,1310,7196,7546,2902,2628,9868,9654,8573,3709,4714,3817,4876,9917,6169,688,6051,4452,1043,4925,9862,9987,9026,5123,2672,8866,1820,9393,5170,5003,8541,354,6032,3476,5369,4890,152,3299,5,3925,3828,3153,6042,728,1938,9267,2473,9745,7276,7418,1966,5010,337,7992,3732,4003,5897,1966,3658,7105,215,7941,1811,4722,4302,6051,372,3525,2057,7765,7464,2979,3033,2504,6130,7328,6202,3321,2018,617,2876,70,9347,6692,8235,1163,2338,6031,5714,6612,8997,7138,1830,6011,8300,7803,8877,3976,9733,1381,2571,7770,1706,1049,8258,3244,6769,6403,2640,3457,3213,5985,4279,4923,3936,8399,6061,5471,2851,69,9056,8339,2646,1354,8134,6573,8729,802,7396,8251,3841,1980,6801,5335,7996,2912,1064,3871,1176,5834,7277,3989,6728,6991,8674,4691,6295,1572,9914,9732,4656,1876,5003,2153,7740,4216,4941,46,7938,9381,902,1474,8698,4227,8901,2527,8361,2775,4223,1309,3897,6096,8266,1825,9916,464,6379,3269,2027,1131,2655,7430,123,9656,7165,8151,2625,649,3800,7447,9034,8892,4618,6404,2115,8907,8215,6106,437,6467,3210,4238,196,5232,7190,8338,5935,2662,7036,7542,956,7980,2856,3381,752,7196,115,1182,3958,9194,4253,302,559,6336,4790,5022,1385,6629,7326,9134,8590,7089,9298,4972,4579,6059,8604,7020,3401,6175,4196,7420,4976,6404,3952,4025,139,2804,8090,1392,2361,1873,9116,1732,1408,8376,860,6010,4103,324,5113,2089,8001,5058,754,5704,3405,2213,5488,5517,8275,5224,4136,742,1988,279,6435,8242,1207,1234,5883,4497,5068,2585,3188,7744,905,6356,469,3525,5057,4585,6042,7405,5152,531,5923,3005,6347,735,7250,5892,7363,94,9825,4542,7451,8762,8392,715,259,901,5235,1857,4950,6031,2541,1850,664,9253,2237,3889,3056,1992,1217,7030,2856,8059,7662,218,64,5666,4728,5736,1911,5351,1283,3322,9556,6193,6915,5833,7732,5670,4499,4316,558,3500,8316,2364,3275,679,6765,4070,1364,9538,3511,5593,5193,5775,728,7034,1520,3855,6946,6437,6317,4746,4620,1256,9073,5801,1890,8433,5491,3303,565,3167,8225,2722,7058,2714,4924,2457,5419,4055,1594,5266,3092,7650,9458,4668,5136,6664,7040,1780,5657,7977,7732,6967,399,2768,7141,4668,3395,9699,36,2006,534,4314,6553,9192,3921,4428,3172,7636,7332,4253,2297,691,8392,4857,953,7782,2168,482,1000,8911,7043,5203,4315,3459,8829,1347,8511,1126,9021,989,3038,7663,4860,933,229,6937,7007,3449,4946,654,2030,4339,6402,2357,2865,7520,6168,852,3408,9202,3515,9904,8537,624,53,2493,6430,5668,3320,6657,2360,9271,3462,8365,3189,8241,2200,2927,5941,3424,2630,5297,2443,9578,9033,7803,725,9297,9870,1522,5386,133,6660,112,5461,6532,5495,8833,4921,2864,4811,1587,9557,8634,9480,8572,879,4318,8400,3379,6981,9868,9291,7632,2446,4271,3104,8809,3856,2760,1672,4591,7521,5588,774,4260,5234,5796,5635,9641,7278,1266,8325,9606,3480,5271,8152,3501,5769,4412,3010,1238,8831,2685,9843,4873,4788,4556,4206,5513,3097,3796,8670,5839,4313,6295,3914,4087,6005,5513,9112,305,5994,9215,8107,9308,583,992,862,8038,1309,2372,7344,2335,6364,1719,4580,8944,4647,4009,9747,1051,5602,2536,2150,8363,8972,1342,6768,9962,1480,4436,2091,3271,7445,2255,8909,5935,1851,1275,8694,1287,6710,954,6025,7321,5045,2809,1112,8111,2477,8886,5224,8436,7358,7451,6853,5619,3149,7746,9653,4210,469,4918,8082,6787,8168,8569,5408,7695,6426,6167,2179,6421,6394,343,4638,8455,815,7178,7283,7929,1401,1282,3969,5505,2863,295,8908,1006,2724,7625,7123,2421,4497,7262,1361,7732,9975,1708,5052,5510,2864,9261,2363,2432,1363,3673,4379,1675,6363,1814,7097,4865,9301,4375,3439,7800,4560,3419,7401,2278,9686,3913,7114,2165,1495,6139,7398,4369,8849,488,5774,1164,6298,8137,6241,4925,7423,3713,5228,5394,7456,3771,3036,5416,7895,4497,8791,1670,9432,6563,10,5744,2230,2322,6326,3211,6485,4316,6897,2094,6999,494,4685,5061,4304,9946,3217,6946,6399,8996,6925,7808,1066,3018,3825,3876,7594,4218,9482,4230,9671,7097,4723,6080,4483,8886,3669,1340,6974,9224,7914,1266,3584,4114,559,221,845,1395,1924,7763,975,5434,6290,1218,17,5957,5055,6677,132,899,5319,4613,514,8961,6695,5432,6296,2384,4270,6395,9944,378,9438,4797,1542,827,1615,6189,2439,1722,3436,322,2523,4139,2651,5958,8644,3975,3109,8330,793,5457,7971,9928,4593,6909,6589,5394,810,9126,3686,9321,7079,5030,7358,3221,7704,6014,6290,7799,9948,6049,6724,6947,3634,5803,2563,1029,3887,506,6542,4514,9198,1985,8396,3592,999,4065,5141,5036,7486,3677,824,2077,4540,6818,5421,895,5762,8141,6873,3853,2895,3292,2166,176,6872,4520,9381,6793,9277,3418,1555,800,8609,1924,830,3758,1952,6940,5165,8869,3973,4107,5089,5746,5576,9720,5053,7220,5482,1749,8287,4194,9111,439,7009,6465,2847,628,6754,1143,7876,2076,1690,7434,7337,9362,9449,2246,5546,9441,3823,1345,2372,5632,7917,1511,1210,6859,4772,7924,739,8020,2173,5312,5815,2457,7793,2566,4500,1616,5877,9594,552,8969,8668,2200,9432,5199,4020,1126,2575,5425,172,8364,1102,8486,2073,2788,1316,4618,624,7045,2714,6823,4763,3555,9570,6105,1504,6143,7183,5565,2854,1580,6171,5996,6868,2595,3453,6770,6593,5207,4828,6720,7583,3145,4396,7714,722,1877,5932,2975,9454,4376,1340,1454,2488,909,9822,4296,168,6623,7399,5913,8242,7958,2782,8549,321,3627,6729,8768,5306,3526,1284,6447,7908,2056,1710,8273,7502,3948,480,9773,8866,9290,332,5147,1389,4352,2385,5934,1994,9198,1654,7663,7483,7143,5354,7508,5795,6283,3649,7178,585,1372,7641,8100,5124,7552,3976,6369,972,5846,7997,9061,8960,5419,6937,3791,7207,6403,6242,102,8424,8278,6128,5994,8932,7058,8805,2542,249,559,6998,8048,8981,717,213,3962,1812,6153,6251,7472,3312,2226,8213,6896,5065,2008,4973,5533,924,328,844,3587,4200,8114,6742,5238,8735,7603,6498,3337,3318,3471,3334,1418,8589,3912,3762,6037,7259,8169,433,9198,7993,4057,5009,9841,2243,6913,7496,7965,1477,4680,7536,8935,7657,1801,8684,8103,7326,5963,9446,7513,3367,3777,4931,4404,7806,9050,7694,5517,9479,8132,8984,8710,6006,7984,9648,920,5408,1951,4610,15,4690,8669,9019,5040,8631,5579,9557,2810,9834,5404,4488,7548,441,1684,5471,817,1060,440,4049,2047,2385,1278,9796,7437,5400,8061,3457,9659,7672,4506,4443,74,6442,6076,5686,1808,2279,145,3362,774,8891,7192,8868,1456,7406,170,2593,712,7873,9184,2785,6416,5519,2920,992,3255,728,1579,607,3873,7849,3357,2497,4798,4216,4327,783,298,5923,9424,5950,9746,1360,306,8893,6490,5802,5019,2824,2457,2137,8273,8836,8421,2436,9539,2265,2436,1203,8341,1414,951,2652,9961,9845,314,6113,8862,8906,8002,8253,2027,4242,1014,2357,9975,960,4429,699,1359,7974,9834,6091,2399,5393,4658,1669,3840,742,3664,6609,4318,638,7650,4812,7207,5106,6571,9330,4820,6071,1276,6470,2338,7215,8573,2599,2625,9908,1279,4079,7855,3906,3025,7751,5823,8964,2841,2815,1551,4482,4761,830,634,4647,738,4807,7940,6337,9766,9622,6186,2831,9096,7654,6729,663,1234,3352,2109,7280,9342,5832,332,2935,3559,9506,1406,3891,6046,7642,2158,9413,1781,7465,5840,7096,198,680,4472,5923,5466,5635,6854,1118,5026,3745,4503,9109,8093,2548,183,8290,5050,8696,7953,9682,9613,3704,2323,6485,1037,1723,8948,374,5125,1975,2729,5931,4632,381,1111,6161,2265,688,4548,897,9741,1842,9955,5018,9888,3883,3366,851,4591,3249,7470,7307,7711,9402,7882,6460,5736,8926,5731,9137,5852,520,7082,4006,1382,2198,6595,4614,6912,7850,4499,5942,1462,5945,4535,1642,5073,7091,1403,2233,4200,7925,8935,6138,2349,6093,3679,9070,3711,1035,4728,2193,9034,8565,3095,9153,7789,8798,2771,3397,8110,5118,2749,3233,6159,7257,5545,7769,6108,5812,9358,4251,3928,5841,6254,9137,4459,2929,6658,1013,257,3181,8700,9566,9455,1569,4281,6794,8231,7184,2118,6359,1502,7427,6754,9832,6455,2695,9816,9330,5055,942,9164,8533,4717,7442,4602,3289,5339,6000,7729,6254,5798,3611,5889,3673,2184,8985,2129,1713,5539,4441,5029,4224,5775,5811,5911,6888,1373,3038,3343,771,4803,2654,8325,4633,1392,9173,9435,3241,4043,7064,5274,3156,7836,1418,7839,5969,8755,8159,5615,5899,7416,9386,1332,6555,1018,6041,9096,6818,9698,6835,9733,6511,9589,2515,8071,4994,3280,2267,201,2208,9151,6535,5639,9384,21,786,8668,3364,1719,1267,4176,8777,3400,7839,4815,4405,80,7168,4567,8400,9251,5603,3212,9997,5751,9667,7307,4903,4268,1898,7829,7004,1551,2526,5074,4883,9193,1014,1019,7013,219,3525,1529,5965,3892,5977,8741,2455,600,614,1195,6703,3337,3141,1552,5306,8260,3858,610,375,200,1328,1201,3882,2978,9830,2700,2323,5216,8467,5345,9808,3930,5495,789,1212,804,5139,2217,3210,8372,8879,3144,1430,6340,8571,599,6844,2080,6867,5552,7809,9245,9082,8794,9855,2023,5736,8451,2686,1248,3508,467,8402,8013,1000,5836,382,8909,6874,6479,2040,7074,476,8322,8225,2147,1333,9207,1080,3628,3215,250,4787,9591,2780,6852,4237,2673,696,3110,8020,815,6917,710,5013,9976,4811,2890,6459,2332,9436,7414,2921,8539,9099,9988,8396,6067,8557,695,2864,4904,6825,6223,1579,6596,8149,8405,3816,7088,2297,5489,5029,9143,5602,2162,8359,8329,1333,4034,9549,7425,2371,1239,8254,5578,2244,3512,9156,4170,9260,5775,7013,7713,3739,8237,560,3239,8719,7748,5004,9525,7012,6304,5825,5322,9159,4405,3012,5596,4444,5253,4170,3740,4709,2398,6140,8868,8384,5987,3645,2591,7119,9544,3388,572,6455,2107,1710,6197,3434,5469,5003,9122,3700,6747,1672,4406,7896,4635,1409,8801,6952,4259,4192,8427,2317,2156,961,7753,1439,207,3633,2110,3598,5651,7265,3544,5121,3605,6037,8765,3589,2766,1042,1664,7827,8357,3895,2804,1695,2927,3197,1579,4733,1760,2904,4134,238,211,7588,9153,9486,138,8472,5132,1007,1286,6704,5457,2794,6106,4297,6160,6591,9243,8624,5595,6347,7593,6699,64,3582,7436,3714,6503,4816,7908,239,3563,7131,7581,4571,1746,756,5353,251,5207,2107,2574,4926,6117,2159,9047,8736,5508,7967,7851,3519,551,5764,2776,1760,9359,4129,3195,3331,4415,8134,8953,6702,2138,378,3286,3428,9329,6829,6953,1985,8455,2096,4027,4301,1980,1415,2478,5813,2238,7760,63,1704,9845,5950,8980,5524,6800,4090,857,239,8299,9752,442,1212,8403,3595,7718,2294,1622,2610,2179,3850,478,9582,5175,7488,4083,8685,5081,76,7144,5742,4967,3837,4681,9885,2047,3944,6223,3273,4415,1950,5533,5632,7898,3793,3609,6665,2534,8901,5326,9685,3237,589,8417,9652,6932,9122,6774,977,6398,5215,3078,2594,8290,6869,6640,1020,9476,4544,3594,7636,7790,2390,6537,5006,2158,795,3364,8176,4494,3617,7229,3231,8840,4536,2292,7007,537,3565,560,1674,1467,8695,5557,199,2107,3443,8368,94,437,8079,6090,2620,6096,3393,7783,5760,4365,2528,5501,8523,438,8574,9718,1503,8883,3312,4464,4719,548,3206,6859,6100,6132,2500,1922,6813,4788,9519,659,2802,4815,6140,1589,9323,6830,3954,6304,3266,5611,5081,8362,7276,8652,6556,5904,5073,2130,702,519,1974,8531,4985,1445,9639,9367,9621,5476,4592,4550,5450,7469,153,6772,823,4214,6602,1147,343,4538,3308,5152,6414,8042,1207,3237,8437,2039,8920,3507,6819,7486,9303,8372,8540,3054,2065,2742,6637,9565,7685,8945,5000,8673,1065,3312,7093,8115,7396,9668,3200,4223,9529,1920,967,4670,2568,4082,9295,5728,7523,1953,2507,8877,8776,4434,9344,7441,3350,445,4215,644,228,4720,270,470,1942,3849,3678,2418,2065,1593,7637,1707,9577,562,4505,898,5285,8473,8462,9575,5251,1700,3052,293,6002,4860,4549,4142,5382,3196,7218,510,5198,7922,1321,8158,1738,5553,3445,6078,2405,1895,1122,7997,4415,1577,9343,8628,6004,6141,425,7085,2691,4893,9355,9706,7879,2041,8420,7915,8693,5659,8127,3991,2874,7906,9259,4357,2928,5678,6600,6820,7290,9359,9265,2374,928,9506,5504,9816,4430,8402,4547,9694,1811,8730,4096,2884,1647,7148,5573,4737,6185,213,5771,9315,4771,2367,1856,5028,8243,748,4747,1380,8997,2697,157,7514,1211,9530,1176,7969,6068,2597,5053,8213,1663,6377,3224,6768,5880,752,874,9544,771,9894,9216,9351,2858,5502,4800,7706,8421,9201,8564,6299,4394,1054,1243,42,1350,3204,9092,3715,731,4158,1221,783,472,6724,1040,8751,2773,1829,1737,8229,1106,2001,9712,5518,7198,3660,3606,6422,341,884,8773,6,9251,7963,9048,3173,6097,5050,7610,5382,9417,1809,8122,2311,429,2235,5225,5571,8358,4213,9737,1391,3381,3053,4278,7170,5930,3036,6258,8865,5366,2460,9668,5760,7125,7543,3874,970,8709,6909,2326,2560,3430,5788,8054,1198,9150,5920,5464,6758,183,62,1965,6950,134,6554,8123,126,7979,9476,4360,9935,4255,6137,3465,8818,9221,4148,4936,9287,8561,6679,8066,8222,6196,4894,6351,5392,9234,1802,6618,5225,2133,8632,9269,5572,8654,1317,4678,6366,3512,2179,993,2426,1507,4309,8603,5830,1262,4258,437,5105,7446,1300,3275,5676,840,868,3287,4656,4504,9905,1677,8394,2119,9889,4999,3901,6099,6929,5554,7173,8486,6572,3261,8427,3817,3203,715,6024,9972,6133,1617,7943,3646,6554,1558,4370,3688,6207,339,0,8647,2854,3067,1861,4740,1274,7993,1391,9909,1614,9976,9898,2335,6470,6147,1863,2567,3515,298,3813,92,3075,8227,7493,3615,6513,510,2700,9229,5768,1474,3649,1895,6722,5909,3314,8975,5793,5497,1981,5996,3245,1185,7889,7597,7571,7823,8034,8280,6534,6005,754,731,9863,405,1186,5745,8730,8188,9646,9624,5363,2036,1849,2293,8089,1494,2793,5456,2160,308,466,6842,1652,6647,3237,8068,238,9510,4784,5575,770,7850,1088,362,7092,4946,7986,5276,7993,2566,9903,283,5200,9415,3615,4699,9656,846,761,4162,8729,8444,3410,3852,5948,1693,4567,7033,372,6793,9880,7931,8683,961,7991,5476,8986,1766,1797,992,7975,4615,8127,5678,8947,232,4760,6023,7767,1732,75,4928,5944,1527,2890,2838,5614,5101,84,2653,6342,2239,24,2954,97,17,3126,2209,3431,7727,7110,4437,6062,8370,9908,8763,4703,3640,5415,7637,9558,2521,1733,3281,5819,4310,5578,826,8742,5665,1358,9903,3708,2716,5784,2049,3846,2070,8278,9459,7634,7411,8553,9834,4706,314,4018,7405,225,7884,678,5383,7412,294,8842,9578,1304,8273,8171,6774,8654,9620,6384,2399,9545,2326,5208,1396,3955,4381,5668,652,8167,2618,9159,8388,8396,9002,1388,3346,5741,820,9358,5960,4407,8233,5148,8372,8075,1157,4925,377,6307,2295,431,2654,4539,8178,8754,7612,1587,9846,2518,9173,4758,1779,8232,7117,8244,9664,7515,2479,6401,3429,3394,3567,307,8640,9926,4318,5128,8262,2332,6948,3522,914,3732,4377,1167,1476,8299,9037,1549,7143,2437,9989,1428,2671,5755,6094,810,3663,5414,4429,4793,6469,1061,7832,3943,4653,4185,2622,6721,9659,7259,2822,9547,3491,468,3477,5628,7137,988,8468,9154,4160,6142,9826,8134,9677,5340,2648,8370,8046,8977,9123,9547,1211,1933,8745,7501,3565,9425,4949,8522,4873,3316,8716,1973,6998,8933,6529,8795,1960,5012,7996,558,8295,382,8662,4346,4043,3407,3995,8514,218,9608,225,764,1962,7779,6904,3680,8846,3675,4476,4296,4265,3928,4970,995,2428,7287,2241,3080,243,7760,4197,4266,8958,7278,2200,9632,59,3970,1137,881,7333,6798,3409,1552,6174,8745,1070,2598,5618,4409,8573,5452,8159,1464,4751,3402,5891,8632,9604,1063,4722,519,3574,5299,1560,4012,2436,6451,705,8291,6866,4595,5909,3552,9314,690,3108,3034,9944,7244,7595,897,327,2195,5923,2002,3454,4524,5806,4633,7671,8373,8182,953,1296,1614,8803,6469,9987,9370,8134,2278,7214,4691,5360,648,5675,608,6581,9708,6639,551,1492,6952,1524,4299,2789,461,3900,5315,7715,7650,4173,9684,7163,2395,176,7518,5106,7252,3724,4922,3928,4744,6986,6024,6379,1437,5508,1608,4073,8495,6316,5923,9649,1751,4168,4867,7705,3823,8824,899,6852,5745,3908,7914,7131,642,6493,1467,216,1459,4340,6515,3598,9586,8756,3998,3713,1651,4159,606,3180,4618,2188,9069,3670,6742,8857,9879,7843,3350,3747,744,1566,4834,5661,837,1390,2173,6037,3330,5949,4399,3829,6455,3602,1270,3780,6308,2225,8980,264,3960,5797,9824,8999,2225,4900,617,3371,6423,1987,8409,7947,2735,3127,4287,8908,897,7650,3096,9161,4946,9159,9214,281,2221,3676,4246,9605,7688,8139,8713,4790,8845,2858,4900,7039,7542,8363,7128,5362,4846,7054,5781,5009,5344,7761,8014,3657,5973,9702,7366,3609,4163,7274,3205,5363,8513,7875,4574,7451,4878,3559,8083,3388,4684,6546,6249,4994,6058,1091,6381,3094,371,2694,1940,9033,5879,7225,1449,5461,9799,7832,3573,2328,9254,8189,6239,7876,2730,1506,8732,7351,285,9715,9920,1736,7448,9019,9627,9816,7241,8525,2193,9514,9713,4138,2966,2873,4940,5927,9709,9256,4437,4056,9635,5521,6782,9471,2444,5711,266,5402,8945,9842,8810,5332,8221,7438,6163,7236,9806,8649,5972,5299,8917,2994,2847,5860,386,8497,986,9032,270,525,1609,5576,4186,5241,5252,1651,8308,6320,5687,1478,588,5115,4734,7560,2258,7049,1213,4308,4456,7001,3619,8417,6178,3560,1943,8587,3067,1543,1403,1421,6832,5300,6569,337,4509,205,4375,7592,9462,9598,8309,524,9066,6848,8538,4201,1235,747,5930,8311,9356,7601,5485,9416,3096,8245,6806,7418,3377,8286,4760,9815,4745,7470,4949,4042,7919,9619,391,2689,2000,8510,6629,7476,8752,3505,4569,7704,8549,9984,3493,8408,3194,4409,7728,2159,5020,5160,3667,5447,8611,3270,351,333,570,3863,8338,6600,1856,1529,7812,84,1121,8882,7440,2429,3866,497,3245,1549,6895,8446,9001,4133,1849,8409,3112,1777,2971,2091,1867,7133,9916,9358,2748,6782,2136,7711,372,1616,3110,6964,7502,7495,3204,7435,1627,2673,8960,2545,7636,8100,3777,5716,4974,8738,8739,989,1622,3836,1309,5174,5242,7738,8653,9518,9030,3592,8392,959,7828,1001,65,5359,8735,5030,5522,3101,6533,2334,1624,1220,6440,3738,3525,7777,7430,7,1097,2349,3146,3581,5636,3184,7584,4098,7005,5631,2887,7025,8698,1732,9489,5069,4087,4682,6508,1100,9882,9514,6366,3320,6684,7011,1642,5187,7577,1278,7543,8396,476,9363,2071,7274,3534,524,4184,9608,1420,1213,6313,6438,5143,3875,8939,4223,5290,3651,3122,4701,6625,9419,5940,9275,9365,3316,7958,5269,3416,4665,8479,742,6721,2272,7983,657,4473,6127,6371,7282,7369,7607,309,7620,8610,6259,9732,740,4715,8926,3362,6087,9341,8688,4327,9758,8089,7135,8023,2292,2859,3052,7534,1033,4002,6248,5031,3834,9017,7524,4275,1058,4175,7619,738,9144,5999,6027,7722,779,5778,3319,7760,4895,422,8421,1050,5271,2422,9519,1839,2125,7915,8888,7261,7816,6021,3934,8766,5423,1798,5432,5838,1165,387,7249,1036,9712,3079,7583,1462,2160,3207,9777,4849,8525,2234,4508,1116,5747,5260,8405,8425,2806,3835,2846,3761,1099,5130,2852,288,8818,9490,4594,5421,2035,306,8879,2517,3106,9861,911,547,3746,9892,2337,1504,2869,5893,3118,8765,8811,4767,4161,3879,8322,5139,8628,7208,2399,7681,555,7854,6357,4406,2680,9427,757,3196,3914,9086,7393,6975,3195,6917,5695,5813,425,6589,7613,6442,1480,9559,9339,4863,5646,4108,3046,3422,9856,7672,9937,1921,8966,1477,2642,7705,4659,2910,9450,2583,3663,1707,1713,5680,5736,3819,3764,3815,4437,5134,6825,243,2449,1986,9877,5482,49,6116,8308,5998,3340,3949,1301,3487,3218,6081,4410,1750,1702,4272,9241,1473,453,4336,6254,9151,3887,3133,175,693,6022,142,9315,8771,7298,8483,4505,6754,4049,426,7737,332,6592,9081,5881,5311,9685,867,620,702,2321,9572,3577,9025,4032,6854,1971,330,2282,3075,7150,2963,3984,4916,4772,8929,1507,9479,2490,8943,2558,6686,4452,978,6009,1019,9060,6494,8511,2926,5865,9194,4515,4142,2053,1769,76,7619,2399,5696,7689,6147,9460,7945,2709,3025,9674,8984,6639,5512,4308,7094,9578,8235,1644,4174,6378,9702,9426,4517,8570,9228,9680,596,9352,7046,4933,5214,8603,1929,3071,6936,2547,9613,439,9536,8378,5549,633,3978,1655,2655,5283,3596,5566,931,2829,1700,7232,6328,5888,6125,8002,4994,1043,7408,964,3926,8994,6751,6914,3048,5169,4726,8585,832,832,373,936,7041,2620,269,9261,1394,235,5743,4746,8513,7367,1320,6197,4423,6412,7524,2067,2924,6916,1511,7692,8090,1894,8948,1880,4042,6794,724,2985,6203,4036,2997,5226,9557,7861,8481,609,2061,3889,8760,8940,6795,6239,7560,5176,967,9920,5115,332,646,264,3321,9125,8111,9241,6307,6261,807,6305,7326,3836,1712,2026,3382,2186,4910,7741,6657,2867,7250,904,8438,3490,3634,2504,7996,2950,3616,2256,3395,6050,9324,6461,5909,2643,2304,3115,1324,4050,4838,9750,750,1378,3577,1216,8569,1365,91,9705,3983,8388,1858,9511,8939,7559,8226,2301,7430,3046,7984,8541,6912,2714,9414,1615,2902,7235,8643,3599,5096,4207,5016,2814,5719,5000,497,1930,8044,3517,9830,8235,7950,7814,2279,3697,6194,3269,5368,6222,8155,9405,3472,9604,3698,2536,8353,4656,5692,6800,8300,3922,7225,4760,222,7945,994,3088,8442,7318,6764,1260,6940,5140,5900,9404,6447,1161,5087,8942,1514,3091,1839,2417,6716,2638,6004,9925,6777,286,7642,2884,32,2904,5956,4214,981,9225,7600,9418,278,7461,3290,7669,1956,8540,1595,6595,7637,3330,6556,2534,4135,6572,4561,4126,8172,2414,9274,8251,4512,3529,6524,9072,9566,7801,6252,6295,1909,3492,5748,6993,3341,3207,661,3716,9476,4673,3216,2872,3734,851,4461,4578,5605,932,2377,1642,6036,8080,4096,2420,5879,7288,2882,9406,1674,121,9460,6882,5366,2756,7681,5990,8602,8733,9923,697,9187,3510,7472,7326,7516,4701,7461,2683,2260,1513,5439,6196,1443,3755,2880,406,3981,434,4469,8470,4330,485,4150,3983,1595,8240,579,7279,1299,6767,987,7982,363,723,8364,7213,6213,4898,2030,7407,438,330,8329,8249,4225,3347,2737,7353,6475,8915,8758,6281,7407,3209,8555,7752,2215,7876,5112,5439,1811,4997,5098,8987,2422,5898,9911,7983,9641,3766,492,3223,6607,6087,4330,2842,5348,9743,7985,2959,6782,2758,6927,9745,5897,1297,7415,4907,212,4648,6491,5993,9060,7298,4603,2762,2966,5740,5692,5991,5455,6803,2341,6531,7417,7155,8379,1803,7750,8712,3962,2506,2477,3172,4059,6475,4457,6287,8262,4776,5428,245,1947,8097,3372,1821,806,3506,8650,4598,8021,1898,2972,247,3818,2797,900,5743,2570,6464,9541,7483,8310,6857,4805,8485,1584,8405,3725,1995,5642,2767,4406,5255,8868,3616,503,9310,9440,2464,1671,4593,417,7858,5199,5189,4307,235,5439,8266,3873,9407,4525,2640,2770,6091,9680,3698,562,218,7460,5590,3402,2731,324,3581,8252,4602,4038,8257,2814,5596,8506,901,2164,7534,8341,4042,2061,4199,2821,5815,2244,8878,8038,5631,6480,9671,5209,2127,6119,2964,6854,1192,3841,7823,1323,2325,7181,8521,1111,8150,3141,1463,3760,8517,4788,9117,3837,1130,4301,3002,5828,5154,3900,5462,8227,7885,7915,8375,9921,8487,2429,1410,7543,1863,1684,7312,4890,8058,8267,1093,7878,7397,5761,2445,1375,2286,3066,4124,6012,1311,4775,8779,2653,5783,961,1720,1572,7868,9111,2464,3981,835,2687,4424,2979,7674,3847,2686,3869,3935,7025,6317,5848,3645,5694,7254,9877,597,7967,5961,6276,555,7561,5151,665,6956,8407,1631,8175,6662,9917,548,31,2593,9312,2330,7286,7536,494,8611,8253,7028,3506,2214,9058,6633,8718,584,4178,9892,588,4548,6462,1040,8619,8080,6212,9972,8193,4084,6665,82,6674,6045,7031,5866,5625,5139,6331,3884,6489,6722,5639,5921,7809,8093,5632,2351,5758,1335,7910,2020,6948,3660,9801,3880,8981,6470,1895,3943,5584,8619,8102,3357,6320,6209,4778,236,5899,6665,7500,1127,1992,1823,3945,5570,2014,5369,2329,4053,9356,4733,9848,1080,6219,7869,7796,4216,5687,9471,3634,4112,5587,3849,7040,7228,7369,1209,7139,4231,7946,1682,2000,1250,3147,9834,1715,6746,8172,7744,9969,9182,1293,3298,7924,9853,6292,3259,4722,8259,51,9236,1169,684,5125,9503,7267,3093,9559,5765,9186,3044,9480,3284,9095,6728,2210,588,1756,2743,1608,4659,4273,5303,435,2521,1658,1385,627,7754,9910,1607,6907,3313,1872,9139,2080,6540,5795,3885,366,7304,7349,3544,1335,1407,6411,4895,8854,9951,3452,9591,4614,1147,5442,6271,5744,5378,791,9913,6745,5221,378,8446,6568,8468,2039,1839,8708,8435,9076,1047,3432,8062,4864,5533,1506,8041,6478,9630,8453,8921,6535,7839,5747,9606,7168,924,7355,8593,478,440,8454,7025,3129,5252,5912,9533,8236,4654,4364,45,196,6660,4138,164,4536,290,8201,3300,9345,3420,3999,1277,6185,5993,8134,5797,3878,8782,5278,712,3764,3336,4035,3829,1318,7828,7576,5090,7506,9486,2315,4903,4494,2245,1123,1411,7879,1057,984,3091,352,6737,7163,6846,1265,2775,2318,4622,5771,2287,4788,2989,325,7314,1403,6220,4386,8247,7976,2779,6262,1503,8605,90,5069,2440,5245,7293,1576,8060,8278,7634,7506,3477,4048,7610,6025,9169,551,3353,7748,7435,4044,1284,4941,7420,8429,971,3167,501,1857,8199,8036,7986,4414,4440,529,7498,9078,6148,4922,668,5889,7758,187,4503,7947,4349,2491,364,9654,6800,1044,4460,8401,7268,1154,8458,7498,9373,7081,5297,8344,6683,2356,1859,8616,1574,3136,5259,1123,9184,1055,269,8665,198,3448,8619,7863,6909,948,7502,2377,9140,1421,935,2342,9552,1138,2052,4746,9320,5716,7847,1630,8370,1125,4693,4898,5485,548,1966,8693,2562,251,1362,4256,3100,3630,1642,9429,6077,3248,6853,8409,7399,7086,3077,556,8431,9956,9942,784,4583,9558,6974,9949,6723,2884,857,5561,7425,419,6852,4415,7878,5141,412,6765,9950,2526,9400,8647,5847,978,169,5750,4836,3193,4833,3104,3009,4369,8252,7463,2732,1871,7224,9963,4383,5936,4670,3407,9943,1535,3409,7896,86,5249,5878,5742,765,7755,9081,2047,1904,8623,4643,8794,3015,9307,4119,6493,3021,1235,3101,6132,3180,1592,114,1883,2465,952,8701,298,3315,2409,134,4529,3831,1592,9532,6145,8483,7073,2089,2120,3444,3730,4015,1,3510,2362,2221,6684,4892,941,423,6263,9577,1978,3008,17,7471,844,2624,5971,5587,3186,9810,4847,6149,9522,2170,8254,8780,6458,8494,4847,9337,2077,1460,2604,8289,7984,9557,6643,4152,6108,7707,1240,3675,4877,3304,9421,2443,5520,3515,1071,5300,7162,4228,9956,3244,1326,6323,6098,6749,255,1080,7611,865,1213,5787,4743,4330,3270,7850,2873,1820,5632,5837,7755,7594,7227,2987,3685,7104,5773,4241,2103,3235,2076,3947,3184,3356,9534,6582,6128,6732,1568,5351,4104,4213,860,8611,2470,6930,1978,1593,8356,3589,3706,3442,6973,3222,4255,4975,6657,7624,3715,6834,3545,7911,1321,5629,5373,6151,9973,152,6274,70,4716,9896,5004,1961,3071,5636,5280,184,5765,5443,9081,7890,2010,4577,1175,313,589,6295,1767,9698,7443,2581,7272,3617,6001,97,8824,8200,927,4255,3376,9551,4700,9763,6732,811,4631,6762,9414,6736,6749,4921,3754,9706,5810,9693,5990,2512,8067,2265,7752,5060,4698,7392,5123,4091,3369,2302,7051,7136,6659,5612,8552,9313,4124,2373,9213,768,296,4890,9086,5488,1537,8722,5725,3542,2147,9168,9958,986,2537,2905,1675,4260,4003,6032,3090,5770,5052,8750,8584,7301,9170,1375,3093,6066,1740,1817,9848,254,7493,2195,9016,5067,4690,5427,2680,1874,8409,111,7538,9534,3841,1427,8645,426,464,4594,5124,2074,4098,5782,7941,4354,3265,1079,8285,3602,8436,9221,9437,823,2637,7540,278,3657,5525,9652,5345,7345,7880,58,4053,9140,1828,2796,4226,6633,9059,9166,4245,1601,9347,8547,8207,9215,3096,2190,5160,8332,248,9050,2160,9668,9998,5676,9906,486,4362,3678,408,5042,4022,9318,9467,6765,3103,6538,1382,9365,5534,1084,33,858,7565,9731,7546,8233,8750,6662,7393,2720,7746,7178,6720,8489,2459,2184,1346,8584,2389,2847,9224,8248,6345,2952,7331,9760,291,4211,121,969,5370,1912,7752,912,7503,8997,4080,9738,3252,8956,7662,2196,2716,8401,3394,9373,2400,9925,8701,4860,7453,5634,1812,5342,961,1923,711,5876,6922,4367,5978,957,3299,1757,3827,5063,7105,1102,7942,2509,2858,9367,3316,9674,2013,9748,9038,4290,4455,3659,8849,9814,3460,8283,7717,5066,2175,7669,2987,1072,3466,1890,5812,8148,6575,8118,9741,7176,4804,7954,7084,9253,7746,1262,2584,5692,1954,1379,9059,8660,1918,2953,2172,6212,5709,3040,6777,9130,6875,1246,6699,3983,5463,5393,2441,2743,8803,788,8758,4581,8580,2870,1634,4153,3839,3348,7634,6474,3687,7585,7635,3927,2594,7287,5282,6030,8754,2315,1050,9949,7504,7776,7569,3874,9853,1952,9828,626,8588,3492,253,1336,4773,3102,3089,7888,5044,435,2767,830,2050,9693,2170,3123,2890,3236,6353,6365,8036,5077,8827,4925,1386,9560,6284,4969,6636,2049,8174,6204,8755,4020,5535,660,857,2106,6358,6708,8768,3857,9484,3614,7573,1520,885,6525,7826,2518,3561,374,9452,5933,6554,6647,8611,8231,2209,1320,613,2140,3103,3166,1461,4316,2325,972,2867,662,5579,8697,8606,4401,6378,6159,5769,8898,43,9216,654,4261,4242,1498,9442,4293,1764,1800,581,8027,3776,5594,2261,1754,9066,9477,7408,1536,5343,6777,7841,9319,9547,2226,4639,870,804,4336,82,2812,8620,5504,3801,9489,4425,8397,7623,4845,6081,8441,9308,1625,8662,9482,2996,2529,3297,3222,648,9842,3404,7480,4967,3493,4139,5905,9818,866,6168,6549,257,937,3991,3882,8328,7402,3981,3167,2894,6243,302,6578,866,6809,9260,5879,2544,5305,9983,1905,9953,7752,1235,5650,2321,6389,4363,438,7476,8577,8815,3168,8954,6315,3681,206,5798,2794,7538,7832,5608,9744,3094,5470,4213,5979,6081,1594,180,3471,366,9360,83,857,6737,1848,6322,2101,8010,3632,2488,2329,561,4525,1065,4413,1661,6813,824,2014,3173,3317,3507,9584,4699,3438,5754,9457,6154,757,3182,3289,4930,136,8538,4118,2166,2419,2470,8213,785,7021,5719,231,4346,9266,9408,9504,3947,4464,5225,8993,7952,3169,7751,9772,232,7916,8752,7598,6118,4152,5920,3999,3184,2876,8981,2241,2641,8466,2333,2596,7956,2121,9164,5873,5221,2354,9869,4812,6590,5618,4733,9526,4761,849,1626,2625,1240,5576,1741,5325,7081,8162,8610,2168,5234,6842,6601,8001,8853,5043,7997,1863,6092,8591,9482,7498,2315,9116,2645,1184,6195,9453,4082,4836,9232,3129,6407,5093,9778,236,2566,4405,637,9939,7489,4234,2029,4990,3698,9214,2195,4275,6573,2162,9969,4164,5762,2642,1829,1076,8626,4932,1761,7143,2476,4465,6884,1092,6079,3288,1334,5748,8474,3818,8036,5127,8174,6239,4167,5881,9346,9842,6863,6247,6494,7005,4735,7591,269,9763,9910,1097,778,8507,5816,8876,7449,5992,58,5372,579,6976,2151,2048,9383,5425,1272,5338,1539,5009,450,9687,3598,4352,9735,3804,1421,5001,8067,2261,2066,3175,3034,5976,685,3882,6860,5736,3413,8700,8897,65,3589,1184,3223,2675,452,8025,5484,9261,2761,329,1753,3323,380,7572,182,6228,5139,1675,8959,7145,8218,3618,436,1579,3318,9840,824,8435,3203,4059,732,9520,1785,6981,7613,8976,3799,5332,6209,4595,7201,7979,8977,8605,3846,6150,1786,1410,1623,897,5696,1952,3264,4573,8934,8987,3725,1963,1971,4715,3245,6927,8931,6250,8937,6643,8771,4684,2449,2350,7152,390,1904,9747,610,3545,7733,6084,2001,1222,3940,3924,980,2846,1962,6356,3819,6088,1958,3014,8196,2242,2489,6508,5032,638,383,9349,1370,2603,4530,2713,2829,2370,6103,780,368,498,336,5886,3245,6461,8309,3456,2201,6684,8138,7062,2161,4024,4231,5219,3616,8009,2032,1845,6527,8240,8829,5884,2869,9491,6750,2767,3575,8650,3795,3911,7375,398,6024,8259,1652,9593,1611,4214,8864,2864,1123,194,2454,946,2600,9422,7726,2144,3898,3553,9306,3482,1592,4646,8658,6573,7820,7996,4643,3835,6700,3759,1022,4116,2348,9567,6159,6799,7009,2059,9478,8824,9380,4540,2070,9537,2747,451,5066,2557,6978,7628,4658,5286,5156,9112,378,140,4403,5382,6594,9504,3611,761,7321,2085,8029,9979,944,4851,1127,9358,6679,6642,7398,6705,7539,2142,8130,5343,8516,6433,4870,2551,5267,2598,7354,2010,2154,1286,6221,2938,7318,4922,3361,5279,6369,9672,848,7091,3598,7012,9372,6717,740,7917,9772,9918,8596,452,8207,1787,1444,104,1375,4951,3587,8326,3613,3387,1067,2497,3396,4673,3204,6301,3387,2694,2695,7863,2386,5611,3405,524,5736,9096,4838,9459,6114,5505,5858,2797,2450,4041,529,2556,7101,1787,3543,2106,1127,2941,2308,8780,6472,3805,7615,3349,3783,3984,4285,5102,4535,1894,8594,3128,4565,4482,7328,2928,3431,4440,3342,7351,7642,6919,3131,6214,4018,6778,2740,6076,7885,5174,8567,5638,9756,4357,9590,1915,2639,9740,2588,906,7463,7489,7229,2245,5448,3702,6876,3147,2570,983,3815,5123,959,2626,9063,2446,8091,118,2015,8109,2058,1243,8425,6198,2731,4526,7409,1474,2546,5046,1723,926,5835,4580,5699,2105,2212,926,2717,2504,4294,8854,6545,9634,661,8132,9936,6518,6129,9993,7953,509,4889,6598,8984,2725,9400,9804,1592,6837,2703,7811,9247,7029,6761,6929,2217,4630,7512,8258,6403,1877,500,1929,1125,3432,8250,2924,471,1847,2871,1982,3824,8325,4228,196,8853,1899,6764,9735,9244,3635,7589,2565,1501,964,9247,5936,5468,1777,5809,7775,4075,6282,748,432,7220,5626,6855,5162,5721,1279,6310,4575,5642,6342,6953,4615,1863,1254,1248,121,9969,959,6132,6337,9174,1999,6160,1411,3952,3513,5207,4430,8350,5172,5026,6244,2539,5161,3840,3883,2187,9027,2468,8270,1247,4642,5290,6959,6526,2309,4263,6695,207,232,2542,1364,7708,5963,7199,8265,9401,2932,7962,4237,5056,1773,3964,6152,5661,4821,6893,1764,8904,7177,9486,1851,9906,5279,138,2804,6507,1918,5696,716,8558,4760,1175,4207,6855,1492,4871,4661,6276,7287,1702,6258,4978,1394,2061,7185,1397,4810,1097,1503,2109,9639,90,4421,6014,8297,2330,7436,5770,3560,1946,6330,5478,5221,9820,4925,3717,5545,6377,2863,8877,9121,3947,5864,3966,4449,3752,5547,5610,4595,6546,1951,7229,6327,9841,282,7924,6725,5491,7155,8758,5470,7866,6316,6152,8001,6724,1868,2758,7180,8214,3687,999,8991,854,5025,221,8458,7092,7939,3653,2960,5271,26,2790,6665,9445,7130,874,2276,9286,2988,2304,1443,496,2846,964,6513,5259,9485,7447,9535,2359,3656,6726,2899,8970,344,9947,3685,1360,2662,2578,1224,7933,9940,6252,2531,8536,1708,2593,8654,5063,5847,1492,2517,4855,7988,6975,1838,7718,7416,8285,8983,3028,85,8087,7793,1216,1658,9084,6379,5514,9087,3731,2222,5507,9560,6374,8367,2148,4452,5456,5563,9714,1916,195,5638,1508,1382,1323,6062,7827,3987,8445,47,2558,2374,2777,3918,5094,7293,7751,1628,5180,6604,4794,5678,6916,6250,7208,4756,2186,9146,4550,7090,7620,5975,1548,1620,9142,7382,8087,905,9158,695,7945,6704,5998,6930,6583,7704,9140,7438,4273,5687,4796,7634,3010,1793,8709,4169,8923,8372,3743,5888,136,4319,2978,1708,3874,598,9504,3170,8137,1206,5486,2163,835,4830,2086,5562,4492,1493,813,2030,6237,2522,1535,4719,8144,4476,7448,7795,8874,1081,9651,8573,338,1732,9126,9948,5760,1376,5680,1451,4321,4492,5976,624,4446,9974,3518,3465,1414,4594,4797,2718,64,8749,1432,7863,7696,9237,9254,3682,4128,1609,2332,1563,671,586,3645,2828,6304,9635,8724,4408,2384,3526,6913,9106,7033,1653,5470,7458,4532,8230,2438,1996,9761,8188,9163,8685,9418,8871,187,3834,978,4481,1433,5790,4585,2838,5068,1269,3422,4062,1922,3314,156,4951,6898,4834,6417,2190,4480,9978,8784,9366,5422,4549,6632,8328,3255,1293,6365,9205,3785,4079,8869,5048,4444,9715,2219,2539,2128,9737,7623,1634,4217,8042,7089,4933,6428,2121,6226,714,5895,388,1533,9508,2441,381,44,735,9856,3223,6797,8012,8068,6209,9444,1229,3095,5908,9098,3761,3243,801,5706,9737,2913,8195,6662,6868,5543,4684,6871,1687,3522,975,8505,1593,6876,936,8371,3368,8399,9840,3384,6449,8914,7283,6771,8378,4900,8464,1661,9513,6385,5908,6695,4996,7410,9252,5325,2862,1258,7450,9308,3207,9229,9945,4294,8037,6387,2684,6358,3587,6617,8816,2951,5817,3693,2990,1022,6542,2644,5743,6264,2291,4862,4850,9062,6784,73,3062,8121,6691,901,736,7550,1999,5823,2653,2781,4996,3510,1550,2693,5248,7753,6994,3070,9001,1553,6802,4992,5967,9294,3159,8247,9160,1339,1466,3130,9887,7039,1700,7322,4347,5238,8819,2906,6023,3116,3072,9168,7801,9260,5885,9681,8641,8471,1638,1352,2916,9365,4258,550,3123,1643,9925,5849,6288,7478,5880,459,1557,3998,4877,7749,6068,1814,5177,5087,6706,8346,5930,6236,5539,2029,5665,2808,186,7315,835,7565,9954,6476,6582,2243,3885,8316,6925,8216,8026,1802,2664,9772,5565,8401,7477,5096,4589,8378,7539,933,1542,3307,8795,4391,5235,6570,537,7340,4993,3080,5049,311,430,3254,6972,1121,1269,3538,7753,1771,844,5944,9382,1728,2015,3390,2527,942,1627,5153,7435,6570,8471,167,2685,9155,5682,9052,2717,972,5639,3731,7524,5462,9717,6788,3273,6502,1990,3621,4910,3139,7478,7435,6137,5938,6014,9536,6726,1853,5209,5027,9838,4152,7882,6133,3993,576,3312,7587,5489,2724,7336,9544,3990,5907,693,5259,600,9331,7272,1663,9447,1209,3782,8730,6888,2493,2116,3390,8173,7611,1693,2598,3508,169,3742,3576,6787,9816,8018,1591,1178,1135,402,2479,921,4140,7648,7034,618,9949,8950,4163,6853,4689,4425,8755,3918,3294,9278,9539,4212,5399,8643,7898,4942,7265,8536,4689,9965,865,9340,7380,6586,6536,1284,4105,7695,6168,7651,5190,4302,3145,4739,3120,1783,2308,7273,9019,7303,1423,4233,6525,8245,7728,4840,4360,76,7319,7618,3471,8025,7585,8592,3688,6027,175,8709,3265,9467,6088,7691,3520,783,6532,8494,6812,4714,1754,4942,2542,10000,5709,2,284,5564,8764,4090,6086,2263,1863,3848,1454,1290,2351,7822,2350,461,9878,8398,2013,3946,621,3112,2004,248,3763,8547,949,3120,3428,7789,4117,5460,7943,5552,5787,325,2731,9995,3655,2889,9958,1642,6154,1910,3242,8234,4583,997,9314,7234,2662,3499,3535,4465,7565,6157,2442,8895,4698,6455,1832,1613,3093,9808,669,4317,5673,7225,1307,8531,9242,9341,6900,8353,2176,5777,9622,7320,4582,4172,8897,1657,4172,4087,1090,8385,7535,8789,106,1695,1677,8097,8555,1117,8857,61,2255,4168,5445,777,9558,8369,2725,1019,6098,6657,8585,3762,4081,4655,4125,226,3051,3368,3976,4432,324,4448,9204,6512,7064,8293,140,4615,8281,9457,3160,4461,4676,6540,262,6076,1654,8208,8970,1615,7172,2389,2947,5628,1715,4254,2619,4530,6645,3571,8062,1736,7865,6060,188,3791,2984,4797,7350,8202,2082,1078,5143,5623,7207,3178,3970,4991,8955,181,702,7272,447,4763,845,1882,5460,1768,1092,9564,5340,3447,5415,6540,999,8681,296,2021,5747,4025,9604,1310,2652,9883,3199,4705,193,6653,7288,4924,5411,3031,6092,5622,4733,7139,6390,6157,127,2063,6248,6803,1100,7483,3162,7659,8484,8263,2050,5506,1880,6321,1851,4169,4371,5764,5220,4878,2762,9865,677,559,8580,2131,8401,3657,6594,9092,642,6893,363,4873,4139,3762,6998,3320,2263,4902,1449,5169,2696,7833,1695,1336,2165,9111,9931,7848,2162,708,2275,9023,1760,3064,3642,8204,7878,9992,6442,5018,752,347,8070,7307,1454,2818,2573,7693,5266,6465,5917,5063,1358,7413,8978,8694,7687,9928,6386,3954,7834,6255,7724,6702,7430,4150,874,7496,638,9495,6405,213,6999,8585,811,1201,9968,4406,946,6443,5987,7343,306,8219,4728,3993,8885,7164,3542,9135,9638,6745,4443,8302,1050,8651,5101,6514,7204,3873,5162,2020,7672,3781,2998,9865,9405,9764,2896,6293,2947,3068,5275,258,7498,6102,9759,7574,9329,3007,8635,2694,1867,5820,9480,2901
1,2,3,4,5,6,7,8,9,10,15,13,12,1,1,6,2,12,23,32,23,23,23
